mc	mn	quarterbeats	quarterbeats_all_endings	duration_qb	volta	mc_onset	mn_onset	event	timesig	staff	voice	duration	nominal_duration	scalar	chord_id	dynamics	articulation	staff_text	slur	crescendo_hairpin	decrescendo_hairpin
1	0	0	0	0.0		0	3/8	Dynamic	2/4	1	1	0				p					
1	0	0	0	0.5		0	3/8	Chord	2/4	1	1	1/8	1/8	1	0						
2	1	1/2	1/2	1.0		0	0	Chord	2/4	1	1	1/4	1/4	1	1				0		
2	1	3/2	3/2	0.5		1/4	1/4	Chord	2/4	1	1	1/8	1/8	1	2				0		
2	1	2	2	0.5		3/8	3/8	Chord	2/4	1	1	1/8	1/8	1	3				0		
2	1	1	1	1.0		1/8	1/8	Chord	2/4	1	2	1/4	1/4	1	4						
2	1	2	2	0.5		3/8	3/8	Chord	2/4	1	2	1/8	1/8	1	5						
2	1	1/2	1/2	0.5		0	0	Chord	2/4	2	1	1/8	1/8	1	6						
2	1	1	1	1.0		1/8	1/8	Chord	2/4	2	1	1/4	1/4	1	7						
2	1	2	2	0.5		3/8	3/8	Chord	2/4	2	1	1/8	1/8	1	8						
3	2	5/2	5/2	0.5		0	0	Chord	2/4	1	1	1/8	1/8	1	9				0		
3	2	3	3	0.5		1/8	1/8	Chord	2/4	1	1	1/8	1/8	1	10				0		
3	2	7/2	7/2	0.5		1/4	1/4	Chord	2/4	1	1	1/8	1/8	1	11				0		
3	2	4	4	0.5		3/8	3/8	Chord	2/4	1	1	1/8	1/8	1	12						
3	2	3	3	1.0		1/8	1/8	Chord	2/4	1	2	1/4	1/4	1	13						
3	2	4	4	0.5		3/8	3/8	Chord	2/4	1	2	1/8	1/8	1	14						
3	2	3	3	0.5		1/8	1/8	Chord	2/4	2	1	1/8	1/8	1	15						
3	2	7/2	7/2	0.5		1/4	1/4	Chord	2/4	2	1	1/8	1/8	1	16						
3	2	4	4	0.5		3/8	3/8	Chord	2/4	2	1	1/8	1/8	1	17						
3	2	5/2	5/2	2.0		0	0	Chord	2/4	2	2	1/2	1/2	1	18						
4	3	9/2	9/2	1.5		0	0	Chord	2/4	1	1	3/8	1/4	3/2	19				1		
4	3	6	6	0.5		3/8	3/8	Chord	2/4	1	1	1/8	1/8	1	20				1		
4	3	5	5	1.0		1/8	1/8	Chord	2/4	1	2	1/4	1/4	1	21						
4	3	6	6	0.5		3/8	3/8	Chord	2/4	1	2	1/8	1/8	1	22						
4	3	5	5	0.5		1/8	1/8	Chord	2/4	1	3	1/8	1/8	1	23						
4	3	11/2	11/2	0.5		1/4	1/4	Chord	2/4	1	3	1/8	1/8	1	24						
4	3	6	6	0.5		3/8	3/8	Chord	2/4	1	3	1/8	1/8	1	25						
4	3	5	5	1.0		1/8	1/8	Chord	2/4	2	1	1/4	1/4	1	26						
4	3	6	6	0.5		3/8	3/8	Chord	2/4	2	1	1/8	1/8	1	27						
4	3	9/2	9/2	0.5		0	0	Chord	2/4	2	2	1/8	1/8	1	28						
4	3	5	5	0.5		1/8	1/8	Chord	2/4	2	2	1/8	1/8	1	29				2		
4	3	11/2	11/2	0.5		1/4	1/4	Chord	2/4	2	2	1/8	1/8	1	30				2		
4	3	6	6	0.5		3/8	3/8	Chord	2/4	2	2	1/8	1/8	1	31				2		
5	4	13/2	13/2	1.0		0	0	Chord	2/4	1	1	1/4	1/4	1	32						
5	4	8	8	0.5		3/8	3/8	Chord	2/4	1	1	1/8	1/8	1	33						
5	4	7	7	1.0		1/8	1/8	Chord	2/4	1	2	1/4	1/4	1	34						
5	4	7	7	1.0		1/8	1/8	Chord	2/4	2	1	1/4	1/4	1	35						
5	4	8	8	0.5		3/8	3/8	Chord	2/4	2	1	1/8	1/8	1	36						
5	4	13/2	13/2	0.5		0	0	Chord	2/4	2	2	1/8	1/8	1	37						
6	5	17/2	17/2	0.5		0	0	Chord	2/4	1	1	1/8	1/8	1	38				3		
6	5	9	9	0.5		1/8	1/8	Chord	2/4	1	1	1/8	1/8	1	39				3		
6	5	19/2	19/2	0.5		1/4	1/4	Chord	2/4	1	1	1/8	1/8	1	40				3		
6	5	10	10	0.5		3/8	3/8	Chord	2/4	1	1	1/8	1/8	1	41				3		
6	5	9	9	1.0		1/8	1/8	Chord	2/4	1	2	1/4	1/4	1	42						
6	5	10	10	0.5		3/8	3/8	Chord	2/4	1	2	1/8	1/8	1	43						
6	5	9	9	1.0		1/8	1/8	Chord	2/4	2	1	1/4	1/4	1	44						
6	5	10	10	0.5		3/8	3/8	Chord	2/4	2	1	1/8	1/8	1	45						
6	5	17/2	17/2	0.5		0	0	Chord	2/4	2	2	1/8	1/8	1	46						
6	5	19/2	19/2	1.0		1/4	1/4	Chord	2/4	2	2	1/4	1/4	1	47						
7	6	21/2	21/2	0.5		0	0	Chord	2/4	1	1	1/8	1/8	1	48				3		
7	6	11	11	0.5		1/8	1/8	Chord	2/4	1	1	1/8	1/8	1	49				3		
7	6	23/2	23/2	0.5		1/4	1/4	Chord	2/4	1	1	1/8	1/8	1	50				3		
7	6	12	12	0.5		3/8	3/8	Chord	2/4	1	1	1/8	1/8	1	51						
7	6	11	11	1.0		1/8	1/8	Chord	2/4	1	2	1/4	1/4	1	52						
7	6	12	12	0.5		3/8	3/8	Chord	2/4	1	2	1/8	1/8	1	53						
7	6	11	11	0.5		1/8	1/8	Chord	2/4	2	1	1/8	1/8	1	54						
7	6	23/2	23/2	0.5		1/4	1/4	Chord	2/4	2	1	1/8	1/8	1	55						
7	6	12	12	0.5		3/8	3/8	Chord	2/4	2	1	1/8	1/8	1	56						
7	6	21/2	21/2	2.0		0	0	Chord	2/4	2	2	1/2	1/2	1	57						
8	7	25/2	25/2	1.5		0	0	Chord	2/4	1	1	3/8	1/4	3/2	58				4		
8	7	14	14	0.5		3/8	3/8	Chord	2/4	1	1	1/8	1/8	1	59				4		
8	7	13	13	1.0		1/8	1/8	Chord	2/4	1	2	1/4	1/4	1	60						
8	7	14	14	0.5		3/8	3/8	Chord	2/4	1	2	1/8	1/8	1	61						
8	7	13	13	0.5		1/8	1/8	Chord	2/4	1	3	1/8	1/8	1	62						
8	7	27/2	27/2	0.5		1/4	1/4	Chord	2/4	1	3	1/8	1/8	1	63						
8	7	14	14	0.5		3/8	3/8	Chord	2/4	1	3	1/8	1/8	1	64						
8	7	13	13	1.0		1/8	1/8	Chord	2/4	2	1	1/4	1/4	1	65						
8	7	14	14	0.5		3/8	3/8	Chord	2/4	2	1	1/8	1/8	1	66						
8	7	25/2	25/2	0.5		0	0	Chord	2/4	2	2	1/8	1/8	1	67				5		
8	7	13	13	0.5		1/8	1/8	Chord	2/4	2	2	1/8	1/8	1	68				5		
8	7	27/2	27/2	0.5		1/4	1/4	Chord	2/4	2	2	1/8	1/8	1	69				5		
8	7	14	14	0.5		3/8	3/8	Chord	2/4	2	2	1/8	1/8	1	70				5		
9	8	29/2	29/2	1.0		0	0	Chord	2/4	1	1	1/4	1/4	1	71						
9	8	16	16	0.5		3/8	3/8	Chord	2/4	1	1	1/8	1/8	1	72						
9	8	15	15	1.0		1/8	1/8	Chord	2/4	1	2	1/4	1/4	1	73						
9	8	15	15	1.0		1/8	1/8	Chord	2/4	2	1	1/4	1/4	1	74						
9	8	16	16	0.5		3/8	3/8	Chord	2/4	2	1	1/8	1/8	1	75						
9	8	29/2	29/2	0.5		0	0	Chord	2/4	2	2	1/8	1/8	1	76						
9	8	15	15	1.0		1/8	1/8	Chord	2/4	2	2	1/4	1/4	1	77						
9	8	16	16	0.5		3/8	3/8	Chord	2/4	2	2	1/8	1/8	1	78						
10	9	33/2	33/2	0.0		0	0	Dynamic	2/4	1	1	0				mf					
10	9	33/2	33/2	0.5		0	0	Chord	2/4	1	1	1/8	1/8	1	79				6		
10	9	17	17	0.5		1/8	1/8	Chord	2/4	1	1	1/8	1/8	1	80				6		
10	9	35/2	35/2	0.5		1/4	1/4	Chord	2/4	1	1	1/8	1/8	1	81				6		
10	9	18	18	0.5		3/8	3/8	Chord	2/4	1	1	1/8	1/8	1	82		articAccentAbove		6		
10	9	17	17	1.0		1/8	1/8	Chord	2/4	1	2	1/4	1/4	1	83						
10	9	18	18	0.5		3/8	3/8	Chord	2/4	1	2	1/8	1/8	1	84						
10	9	17	17	1.0		1/8	1/8	Chord	2/4	2	1	1/4	1/4	1	85						
10	9	18	18	0.5		3/8	3/8	Chord	2/4	2	1	1/8	1/8	1	86						
10	9	33/2	33/2	2.0		0	0	Chord	2/4	2	2	1/2	1/2	1	87						
11	10	37/2	37/2	0.5		0	0	Chord	2/4	1	1	1/8	1/8	1	88						
11	10	19	19	0.5		1/8	1/8	Chord	2/4	1	1	1/8	1/8	1	89				7		
11	10	39/2	39/2	0.5		1/4	1/4	Chord	2/4	1	1	1/8	1/8	1	90				7		
11	10	20	20	0.0		3/8	3/8	Spanner	2/4	1	1	0							7	0	
11	10	20	20	0.5		3/8	3/8	Chord	2/4	1	1	1/8	1/8	1	91				7	0	
11	10	19	19	1.0		1/8	1/8	Chord	2/4	1	2	1/4	1/4	1	92				8	0	
11	10	20	20	0.5		3/8	3/8	Chord	2/4	1	2	1/8	1/8	1	93				8	0	
11	10	37/2	37/2	1.5		0	0	Chord	2/4	1	3	3/8	1/4	3/2	94					0	
11	10	19	19	1.0		1/8	1/8	Chord	2/4	2	1	1/4	1/4	1	95		articAccentAbove				
11	10	20	20	0.5		3/8	3/8	Chord	2/4	2	1	1/8	1/8	1	96						
11	10	37/2	37/2	2.0		0	0	Chord	2/4	2	2	1/2	1/2	1	97						
12	11	41/2	41/2	0.5		0	0	Chord	2/4	1	1	1/8	1/8	1	98				7	0	
12	11	21	21	0.5		1/8	1/8	Chord	2/4	1	1	1/8	1/8	1	99				7	0	
12	11	43/2	43/2	0.0		1/4	1/4	Spanner	2/4	1	1	0							7		
12	11	43/2	43/2	0.5		1/4	1/4	Chord	2/4	1	1	1/8	1/8	1	100				7		
12	11	22	22	0.5		3/8	3/8	Chord	2/4	1	1	1/8	1/8	1	101				7		
12	11	41/2	41/2	0.5		0	0	Chord	2/4	1	2	1/8	1/8	1	102						
12	11	22	22	0.5		3/8	3/8	Chord	2/4	1	2	1/8	1/8	1	103						
12	11	21	21	1.0		1/8	1/8	Chord	2/4	2	1	1/4	1/4	1	104		articAccentAbove		9		
12	11	22	22	0.5		3/8	3/8	Chord	2/4	2	1	1/8	1/8	1	105						
12	11	41/2	41/2	1.0		0	0	Chord	2/4	2	2	1/4	1/4	1	106						
12	11	43/2	43/2	1.0		1/4	1/4	Chord	2/4	2	2	1/4	1/4	1	107						
13	12	45/2	45/2	1.0		0	0	Chord	2/4	1	1	1/4	1/4	1	108						
13	12	24	24	0.5		3/8	3/8	Chord	2/4	1	1	1/8	1/8	1	109				10		
13	12	23	23	1.0		1/8	1/8	Chord	2/4	1	2	1/4	1/4	1	110						
13	12	23	23	1.0		1/8	1/8	Chord	2/4	2	1	1/4	1/4	1	111		articAccentAbove				
13	12	24	24	0.5		3/8	3/8	Chord	2/4	2	1	1/8	1/8	1	112						
13	12	45/2	45/2	2.0		0	0	Chord	2/4	2	2	1/2	1/2	1	113						
14	13	49/2	49/2	0.5		0	0	Chord	2/4	1	1	1/8	1/8	1	114				10		
14	13	25	25	0.5		1/8	1/8	Chord	2/4	1	1	1/8	1/8	1	115				10		
14	13	51/2	51/2	0.5		1/4	1/4	Chord	2/4	1	1	1/8	1/8	1	116				10		
14	13	26	26	0.5		3/8	3/8	Chord	2/4	1	1	1/8	1/8	1	117		articAccentAbove		10		
14	13	25	25	1.5		1/8	1/8	Chord	2/4	1	2	3/8	1/4	3/2	118						
14	13	25	25	1.0		1/8	1/8	Chord	2/4	2	1	1/4	1/4	1	119		articAccentAbove		11		
14	13	26	26	0.5		3/8	3/8	Chord	2/4	2	1	1/8	1/8	1	120						
14	13	49/2	49/2	2.0		0	0	Chord	2/4	2	2	1/2	1/2	1	121						
15	14	53/2	53/2	0.5		0	0	Chord	2/4	1	1	1/8	1/8	1	122						
15	14	27	27	0.5		1/8	1/8	Chord	2/4	1	1	1/8	1/8	1	123				12		
15	14	55/2	55/2	0.5		1/4	1/4	Chord	2/4	1	1	1/8	1/8	1	124				12		
15	14	28	28	0.5		3/8	3/8	Chord	2/4	1	1	1/8	1/8	1	125				12		
15	14	27	27	1.0		1/8	1/8	Chord	2/4	1	2	1/4	1/4	1	126				13		
15	14	28	28	0.5		3/8	3/8	Chord	2/4	1	2	1/8	1/8	1	127				13		
15	14	53/2	53/2	1.5		0	0	Chord	2/4	1	3	3/8	1/4	3/2	128						
15	14	27	27	1.0		1/8	1/8	Chord	2/4	2	1	1/4	1/4	1	129		articAccentAbove				
15	14	28	28	0.5		3/8	3/8	Chord	2/4	2	1	1/8	1/8	1	130						
15	14	53/2	53/2	2.0		0	0	Chord	2/4	2	2	1/2	1/2	1	131						
16	15	57/2	57/2	0.5		0	0	Chord	2/4	1	1	1/8	1/8	1	132				12		
16	15	29	29	0.5		1/8	1/8	Chord	2/4	1	1	1/8	1/8	1	133				12		
16	15	59/2	59/2	0.5		1/4	1/4	Chord	2/4	1	1	1/8	1/8	1	134				12		
16	15	30	30	0.5		3/8	3/8	Chord	2/4	1	1	1/8	1/8	1	135				12		
16	15	57/2	57/2	0.5		0	0	Chord	2/4	1	2	1/8	1/8	1	136						
16	15	30	30	0.5		3/8	3/8	Chord	2/4	1	2	1/8	1/8	1	137						
16	15	29	29	1.0		1/8	1/8	Chord	2/4	2	1	1/4	1/4	1	138		articAccentAbove		14		
16	15	30	30	0.5		3/8	3/8	Chord	2/4	2	1	1/8	1/8	1	139						
16	15	57/2	57/2	1.0		0	0	Chord	2/4	2	2	1/4	1/4	1	140						
16	15	59/2	59/2	1.0		1/4	1/4	Chord	2/4	2	2	1/4	1/4	1	141						
17	16	61/2	61/2	0.5		0	0	Chord	2/4	1	1	1/8	1/8	1	142				12		
17	16	31	31	0.0		1/8	1/8	StaffText	2/4	1	1	0						"<i><font size=""12""/>rit.</i>"			
17	16	31	31	1.0		1/8	1/8	Chord	2/4	1	1	1/4	1/4	1	143		articAccentBelow				
17	16	32	32	0.5		3/8	3/8	Chord	2/4	1	1	1/8	1/8	1	144		articAccentBelow				
17	16	61/2	61/2	0.5		0	0	Chord	2/4	1	2	1/8	1/8	1	145						
17	16	61/2	61/2	0.5		0	0	Chord	2/4	2	1	1/8	1/8	1	146						
17	16	31	31	1.0		1/8	1/8	Chord	2/4	2	1	1/4	1/4	1	147						
17	16	32	32	0.5		3/8	3/8	Chord	2/4	2	1	1/8	1/8	1	148						
17	16	61/2	61/2	1.0		0	0	Chord	2/4	2	2	1/4	1/4	1	149						
17	16	63/2	63/2	1.0		1/4	1/4	Chord	2/4	2	2	1/4	1/4	1	150						
18	17	65/2	65/2	1.0		0	0	Chord	2/4	1	1	1/4	1/4	1	151				15		
18	17	67/2	67/2	0.5		1/4	1/4	Chord	2/4	1	1	1/8	1/8	1	152				15		
18	17	34	34	0.5		3/8	3/8	Chord	2/4	1	1	1/8	1/8	1	153				15		
18	17	33	33	0.0		1/8	1/8	Dynamic	2/4	1	2	0				sf					
18	17	33	33	1.0		1/8	1/8	Chord	2/4	1	2	1/4	1/4	1	154						
18	17	34	34	0.5		3/8	3/8	Chord	2/4	1	2	1/8	1/8	1	155						
18	17	33	33	1.0		1/8	1/8	Chord	2/4	2	1	1/4	1/4	1	156						
18	17	34	34	0.5		3/8	3/8	Chord	2/4	2	1	1/8	1/8	1	157						
18	17	65/2	65/2	2.0		0	0	Chord	2/4	2	2	1/2	1/2	1	158						
19	18	69/2	69/2	0.0		0	0	Dynamic	2/4	1	1	0				p			15		
19	18	69/2	69/2	0.5		0	0	Chord	2/4	1	1	1/8	1/8	1	159				15		
19	18	35	35	0.5		1/8	1/8	Chord	2/4	1	1	1/8	1/8	1	160				15		
19	18	71/2	71/2	0.5		1/4	1/4	Chord	2/4	1	1	1/8	1/8	1	161				15		
19	18	36	36	0.5		3/8	3/8	Chord	2/4	1	1	1/8	1/8	1	162						
19	18	35	35	1.0		1/8	1/8	Chord	2/4	1	2	1/4	1/4	1	163						
19	18	36	36	0.5		3/8	3/8	Chord	2/4	1	2	1/8	1/8	1	164						
19	18	35	35	1.0		1/8	1/8	Chord	2/4	2	1	1/4	1/4	1	165						
19	18	36	36	0.5		3/8	3/8	Chord	2/4	2	1	1/8	1/8	1	166						
19	18	69/2	69/2	1.0		0	0	Chord	2/4	2	2	1/4	1/4	1	167						
19	18	71/2	71/2	1.0		1/4	1/4	Chord	2/4	2	2	1/4	1/4	1	168						
20	19	73/2	73/2	1.5		0	0	Chord	2/4	1	1	3/8	1/4	3/2	169				16		
20	19	38	38	0.5		3/8	3/8	Chord	2/4	1	1	1/8	1/8	1	170				16		
20	19	37	37	1.0		1/8	1/8	Chord	2/4	1	2	1/4	1/4	1	171						
20	19	38	38	0.5		3/8	3/8	Chord	2/4	1	2	1/8	1/8	1	172						
20	19	37	37	0.5		1/8	1/8	Chord	2/4	1	3	1/8	1/8	1	173						
20	19	75/2	75/2	0.5		1/4	1/4	Chord	2/4	1	3	1/8	1/8	1	174						
20	19	38	38	0.5		3/8	3/8	Chord	2/4	1	3	1/8	1/8	1	175						
20	19	37	37	1.0		1/8	1/8	Chord	2/4	2	1	1/4	1/4	1	176						
20	19	38	38	0.5		3/8	3/8	Chord	2/4	2	1	1/8	1/8	1	177						
20	19	73/2	73/2	0.5		0	0	Chord	2/4	2	2	1/8	1/8	1	178						
20	19	37	37	0.5		1/8	1/8	Chord	2/4	2	2	1/8	1/8	1	179				17		
20	19	75/2	75/2	0.5		1/4	1/4	Chord	2/4	2	2	1/8	1/8	1	180				17		
20	19	38	38	0.5		3/8	3/8	Chord	2/4	2	2	1/8	1/8	1	181				17		
21	20	77/2	77/2	1.0		0	0	Chord	2/4	1	1	1/4	1/4	1	182						
21	20	40	40	0.5		3/8	3/8	Chord	2/4	1	1	1/8	1/8	1	183						
21	20	39	39	1.0		1/8	1/8	Chord	2/4	1	2	1/4	1/4	1	184						
21	20	39	39	1.0		1/8	1/8	Chord	2/4	2	1	1/4	1/4	1	185						
21	20	40	40	0.5		3/8	3/8	Chord	2/4	2	1	1/8	1/8	1	186						
21	20	77/2	77/2	1.0		0	0	Chord	2/4	2	2	1/4	1/4	1	187						
22	21	81/2	81/2	0.5		0	0	Chord	2/4	1	1	1/8	1/8	1	188				18		
22	21	41	41	0.5		1/8	1/8	Chord	2/4	1	1	1/8	1/8	1	189				18		
22	21	83/2	83/2	0.5		1/4	1/4	Chord	2/4	1	1	1/8	1/8	1	190				18		
22	21	42	42	0.5		3/8	3/8	Chord	2/4	1	1	1/8	1/8	1	191				18		
22	21	41	41	1.0		1/8	1/8	Chord	2/4	1	2	1/4	1/4	1	192						
22	21	42	42	0.5		3/8	3/8	Chord	2/4	1	2	1/8	1/8	1	193						
22	21	81/2	81/2	0.0		0	0	Spanner	2/4	2	1	0								1	
22	21	41	41	1.0		1/8	1/8	Chord	2/4	2	1	1/4	1/4	1	194					1	
22	21	42	42	0.5		3/8	3/8	Chord	2/4	2	1	1/8	1/8	1	195					1	
22	21	81/2	81/2	1.0		0	0	Chord	2/4	2	2	1/4	1/4	1	196					1	
22	21	83/2	83/2	1.0		1/4	1/4	Chord	2/4	2	2	1/4	1/4	1	197					1	
23	22	85/2	85/2	0.5		0	0	Chord	2/4	1	1	1/8	1/8	1	198				18		
23	22	43	43	0.0		1/8	1/8	StaffText	2/4	1	1	0						"<i><font size=""12""/>rit.</i>"	18		
23	22	43	43	0.5		1/8	1/8	Chord	2/4	1	1	1/8	1/8	1	199				18		
23	22	87/2	87/2	0.5		1/4	1/4	Chord	2/4	1	1	1/8	1/8	1	200				18		
23	22	44	44	0.5		3/8	3/8	Chord	2/4	1	1	1/8	1/8	1	201				18		
23	22	43	43	1.0		1/8	1/8	Chord	2/4	1	2	1/4	1/4	1	202						
23	22	44	44	0.5		3/8	3/8	Chord	2/4	1	2	1/8	1/8	1	203						
23	22	43	43	0.0		1/8	1/8	Spanner	2/4	2	1	0									
23	22	43	43	1.0		1/8	1/8	Chord	2/4	2	1	1/4	1/4	1	204						
23	22	44	44	0.5		3/8	3/8	Chord	2/4	2	1	1/8	1/8	1	205						
23	22	85/2	85/2	1.0		0	0	Chord	2/4	2	2	1/4	1/4	1	206						
23	22	87/2	87/2	1.0		1/4	1/4	Chord	2/4	2	2	1/4	1/4	1	207						
24	23	89/2	89/2	1.0		0	0	Chord	2/4	1	1	1/4	1/4	1	208				18		
24	23	91/2	91/2	1.0		1/4	1/4	Chord	2/4	1	1	1/4	1/4	1	209				18		
24	23	45	45	1.0		1/8	1/8	Chord	2/4	1	2	1/4	1/4	1	210						
24	23	46	46	0.5		3/8	3/8	Chord	2/4	1	2	1/8	1/8	1	211						
24	23	45	45	1.0		1/8	1/8	Chord	2/4	2	1	1/4	1/4	1	212						
24	23	46	46	0.5		3/8	3/8	Chord	2/4	2	1	1/8	1/8	1	213						
24	23	89/2	89/2	1.0		0	0	Chord	2/4	2	2	1/4	1/4	1	214						
24	23	91/2	91/2	1.0		1/4	1/4	Chord	2/4	2	2	1/4	1/4	1	215						
25	24		93/2	1.0	1	0	0	Chord	2/4	1	1	1/4	1/4	1	216						
25	24		48	0.5	1	3/8	3/8	Chord	2/4	1	1	1/8	1/8	1	217						
25	24		47	1.0	1	1/8	1/8	Chord	2/4	1	2	1/4	1/4	1	218						
25	24		47	1.0	1	1/8	1/8	Chord	2/4	2	1	1/4	1/4	1	219						
25	24		48	0.5	1	3/8	3/8	Chord	2/4	2	1	1/8	1/8	1	220						
25	24		93/2	1.0	1	0	0	Chord	2/4	2	2	1/4	1/4	1	221						
26	24	93/2	97/2	1.0	2	0	0	Chord	2/4	1	1	1/4	1/4	1	222						
26	24	48	50	0.5	2	3/8	3/8	Chord	2/4	1	1	1/8	1/8	1	223						
26	24	47	49	1.0	2	1/8	1/8	Chord	2/4	1	2	1/4	1/4	1	224						
26	24	47	49	1.0	2	1/8	1/8	Chord	2/4	2	1	1/4	1/4	1	225						
26	24	48	50	0.5	2	3/8	3/8	Chord	2/4	2	1	1/8	1/8	1	226						
26	24	93/2	97/2	1.0	2	0	0	Chord	2/4	2	2	1/4	1/4	1	227						
27	25	97/2	101/2	0.5		0	0	Chord	2/4	1	1	1/8	1/8	1	228		articAccentBelow		19		
27	25	49	51	0.5		1/8	1/8	Chord	2/4	1	1	1/8	1/8	1	229						
27	25	99/2	103/2	0.5		1/4	1/4	Chord	2/4	1	1	1/8	1/8	1	230		articAccentBelow		20		
27	25	50	52	0.5		3/8	3/8	Chord	2/4	1	1	1/8	1/8	1	231						
27	25	97/2	101/2	0.5		0	0	Chord	2/4	2	1	1/8	1/8	1	232				21		
27	25	49	51	0.5		1/8	1/8	Chord	2/4	2	1	1/8	1/8	1	233						
27	25	99/2	103/2	0.5		1/4	1/4	Chord	2/4	2	1	1/8	1/8	1	234				22		
27	25	50	52	0.5		3/8	3/8	Chord	2/4	2	1	1/8	1/8	1	235						
28	26	101/2	105/2	0.5		0	0	Chord	2/4	1	1	1/8	1/8	1	236				23		
28	26	51	53	1.0		1/8	1/8	Chord	2/4	1	1	1/4	1/4	1	237				23		
28	26	52	54	0.5		3/8	3/8	Chord	2/4	1	1	1/8	1/8	1	238				23		
28	26	101/2	105/2	0.5		0	0	Chord	2/4	1	2	1/8	1/8	1	239						
28	26	51	53	0.5		1/8	1/8	Chord	2/4	1	2	1/8	1/8	1	240						
28	26	103/2	107/2	0.5		1/4	1/4	Chord	2/4	1	2	1/8	1/8	1	241						
28	26	52	54	0.5		3/8	3/8	Chord	2/4	1	2	1/8	1/8	1	242						
28	26	51	53	1.5		1/8	1/8	Chord	2/4	2	1	3/8	1/4	3/2	243						
28	26	101/2	105/2	0.5		0	0	Chord	2/4	2	2	1/8	1/8	1	244				24		
28	26	51	53	0.5		1/8	1/8	Chord	2/4	2	2	1/8	1/8	1	245				24		
28	26	103/2	107/2	0.5		1/4	1/4	Chord	2/4	2	2	1/8	1/8	1	246				24		
28	26	52	54	0.5		3/8	3/8	Chord	2/4	2	2	1/8	1/8	1	247				24		
29	27	105/2	109/2	1.0		0	0	Chord	2/4	1	1	1/4	1/4	1	248				23		
29	27	107/2	111/2	1.0		1/4	1/4	Chord	2/4	1	1	1/4	1/4	1	249				23		
29	27	105/2	109/2	1.0		0	0	Chord	2/4	1	2	1/4	1/4	1	250						
29	27	107/2	111/2	1.0		1/4	1/4	Chord	2/4	1	2	1/4	1/4	1	251						
29	27	105/2	109/2	1.0		0	0	Chord	2/4	2	1	1/4	1/4	1	252						
29	27	107/2	111/2	1.0		1/4	1/4	Chord	2/4	2	1	1/4	1/4	1	253						
29	27	105/2	109/2	0.5		0	0	Chord	2/4	2	2	1/8	1/8	1	254				24		
29	27	53	55	0.5		1/8	1/8	Chord	2/4	2	2	1/8	1/8	1	255				24		
29	27	107/2	111/2	0.5		1/4	1/4	Chord	2/4	2	2	1/8	1/8	1	256				24		
29	27	54	56	0.5		3/8	3/8	Chord	2/4	2	2	1/8	1/8	1	257				24		
30	28	109/2	113/2	1.5		0	0	Chord	2/4	1	1	3/8	1/4	3/2	258						
30	28	56	58	0.5		3/8	3/8	Chord	2/4	1	1	1/8	1/8	1	259						
30	28	109/2	113/2	1.5		0	0	Chord	2/4	1	2	3/8	1/4	3/2	260						
30	28	109/2	113/2	1.5		0	0	Chord	2/4	2	1	3/8	1/4	3/2	261						
30	28	56	58	0.5		3/8	3/8	Chord	2/4	2	1	1/8	1/8	1	262						
30	28	109/2	113/2	0.5		0	0	Chord	2/4	2	2	1/8	1/8	1	263				24		
30	28	55	57	0.5		1/8	1/8	Chord	2/4	2	2	1/8	1/8	1	264				24		
30	28	111/2	115/2	1.0		1/4	1/4	Chord	2/4	2	2	1/4	1/4	1	265						
31	29	113/2	117/2	0.5		0	0	Chord	2/4	1	1	1/8	1/8	1	266		articAccentAbove		25		
31	29	57	59	0.5		1/8	1/8	Chord	2/4	1	1	1/8	1/8	1	267						
31	29	115/2	119/2	0.5		1/4	1/4	Chord	2/4	1	1	1/8	1/8	1	268		articAccentAbove		26		
31	29	58	60	0.5		3/8	3/8	Chord	2/4	1	1	1/8	1/8	1	269						
31	29	113/2	117/2	0.5		0	0	Chord	2/4	2	1	1/8	1/8	1	270		articAccentAbove		27		
31	29	57	59	0.5		1/8	1/8	Chord	2/4	2	1	1/8	1/8	1	271						
31	29	115/2	119/2	0.5		1/4	1/4	Chord	2/4	2	1	1/8	1/8	1	272		articAccentAbove		28		
31	29	58	60	0.5		3/8	3/8	Chord	2/4	2	1	1/8	1/8	1	273						
32	30	117/2	121/2	0.0		0	0	Spanner	2/4	1	1	0									0
32	30	117/2	121/2	0.5		0	0	Chord	2/4	1	1	1/8	1/8	1	274				29		0
32	30	59	61	1.0		1/8	1/8	Chord	2/4	1	1	1/4	1/4	1	275				29		0
32	30	60	62	0.5		3/8	3/8	Chord	2/4	1	1	1/8	1/8	1	276				29		0
32	30	117/2	121/2	0.5		0	0	Chord	2/4	1	2	1/8	1/8	1	277						0
32	30	59	61	0.5		1/8	1/8	Chord	2/4	1	2	1/8	1/8	1	278						0
32	30	119/2	123/2	0.5		1/4	1/4	Chord	2/4	1	2	1/8	1/8	1	279						0
32	30	60	62	0.5		3/8	3/8	Chord	2/4	1	2	1/8	1/8	1	280						0
32	30	59	61	1.5		1/8	1/8	Chord	2/4	2	1	3/8	1/4	3/2	281						
32	30	117/2	121/2	0.5		0	0	Chord	2/4	2	2	1/8	1/8	1	282				30		
32	30	59	61	0.5		1/8	1/8	Chord	2/4	2	2	1/8	1/8	1	283				30		
32	30	119/2	123/2	0.5		1/4	1/4	Chord	2/4	2	2	1/8	1/8	1	284				30		
32	30	60	62	0.5		3/8	3/8	Chord	2/4	2	2	1/8	1/8	1	285				30		
33	31	121/2	125/2	1.0		0	0	Chord	2/4	1	1	1/4	1/4	1	286				29		0
33	31	123/2	127/2	1.0		1/4	1/4	Chord	2/4	1	1	1/4	1/4	1	287				29		0
33	31	121/2	125/2	1.0		0	0	Chord	2/4	1	2	1/4	1/4	1	288						0
33	31	123/2	127/2	1.0		1/4	1/4	Chord	2/4	1	2	1/4	1/4	1	289						0
33	31	121/2	125/2	1.0		0	0	Chord	2/4	2	1	1/4	1/4	1	290						
33	31	123/2	127/2	1.0		1/4	1/4	Chord	2/4	2	1	1/4	1/4	1	291						
33	31	121/2	125/2	0.5		0	0	Chord	2/4	2	2	1/8	1/8	1	292				30		
33	31	61	63	0.5		1/8	1/8	Chord	2/4	2	2	1/8	1/8	1	293				30		
33	31	123/2	127/2	0.5		1/4	1/4	Chord	2/4	2	2	1/8	1/8	1	294				30		
33	31	62	64	0.5		3/8	3/8	Chord	2/4	2	2	1/8	1/8	1	295				30		
34	32	125/2	129/2	0.0		0	0	Spanner	2/4	1	1	0									
34	32	125/2	129/2	2.0		0	0	Chord	2/4	1	1	1/2	1/2	1	296						
34	32	125/2	129/2	2.0		0	0	Chord	2/4	1	2	1/2	1/2	1	297						
34	32	125/2	129/2	2.0		0	0	Chord	2/4	2	1	1/2	1/2	1	298						
34	32	125/2	129/2	0.5		0	0	Chord	2/4	2	2	1/8	1/8	1	299				30		
34	32	63	65	0.5		1/8	1/8	Chord	2/4	2	2	1/8	1/8	1	300				30		
34	32	127/2	131/2	1.0		1/4	1/4	Chord	2/4	2	2	1/4	1/4	1	301						
